{
  "row": 0,
  "pred_id": 0,
  "pred_label": "NEUTRAL",
  "timestamp": "2025-10-15T03:39:27.963464+00:00",
  "probs": {
    "NEUTRAL": 0.7666666666666667,
    "STRESS": 0.02666666666666667,
    "MEDITATION": 0.20666666666666667
  }
}